patient_id,heart_disease_present
olalu7,0.1268084291047497
z9n6mx,0.1409609406184612
5k4413,0.9161083000364567
mrg7q5,0.09027096669975951
uki4do,0.9538480263558713
kev1sk,0.0739437459519319
9n6let,0.11003444193864785
jxmtyg,0.9632161563603157
51s2ff,0.20070324810217186
wi9mcs,0.10928415196283577
741h4l,0.7240154311090824
1ef64a,0.6576603938735559
wa2ix6,0.39953113757694964
8167zl,0.9795326872396937
n6nldr,0.1370799693020833
ph85fp,0.018554126248223925
jfan5p,0.037249153600809506
7c4iz1,0.02879294198068984
ukigml,0.959344814815574
flwvnq,0.10928415196283577
5i4fw2,0.9802560104365605
du1pqf,0.15350564560054566
vs68qz,0.18907543316461767
pfyez0,0.014541840461470348
azvkw2,0.37624789059896074
cird1i,0.7976147245971096
3bg32t,0.5422346182191289
xzd050,0.08962205911504283
eyi8et,0.8675483149562662
ce4x2h,0.06712433285819018
sm91nr,0.7739078155640596
2il8hh,0.15772591260613195
yq9cqg,0.48441730756739004
520v5j,0.5977442996490576
ammgu2,0.0733729248153568
jix8hj,0.0733729248153568
lj5zrq,0.2806841923606159
16ceba,0.5303181322484515
93w44s,0.09938405216487138
bso17z,0.05655932985756052
j2w2dc,0.9431012762428378
74vwwl,0.022174842582517788
0z3fob,0.8906813098563234
mr7zyz,0.0284591790561968
pp5n63,0.9168057572439637
j0hix1,0.1101011568872239
rn209i,0.0733729248153568
nfit8e,0.22283422110289397
nb73sy,0.22149961112577787
i79t3w,0.9214535471123085
9nv2d9,0.8550096116461596
2xbeja,0.05021696847308085
lwg3wq,0.9860068291308011
lrvqwb,0.1777657793826583
c6mepo,0.2697268707472823
6ued22,0.08333575949029816
112e9h,0.9439835372154891
8jc7h2,0.17744591695255468
unykmj,0.4235700766647255
4yeztb,0.5292996737662186
tgpy9u,0.062377173891286934
pf5wp6,0.9251243277201445
cj8vj2,0.20070324810217186
9w6d9j,0.9772951303767397
3l89wd,0.04391934982492612
83a6x1,0.8422851952534907
oua0gr,0.8195321935028639
j0hl96,0.6197240637225527
dlkzyg,0.6120184016975468
r0w4a8,0.7603966863874334
46dlca,0.11312575712076627
9fkefu,0.9822600963755111
6uk6kl,0.9343691214685831
c7olxr,0.9869563506503407
iiyx0q,0.9606331932155654
25vetx,0.9703612229999311
073vc5,0.8127790186334168
18abn0,0.6747583375140647
v5fsfs,0.39172421512137645
2ekoo7,0.664973301055378
5bbknr,0.5927082828525245
hr6pjx,0.046242942080773966
r4hsar,0.44004239875328505
4cezdf,0.8697374074567864
palhcc,0.21568590047214
bwoyg6,0.037249153600809506
j8i7ve,0.5679459461491895
t2zn1n,0.22611777794594284
oxf8kj,0.2806841923606159
aeiv0y,0.3540708640473814
